job,company,location,stipend,duration,link
Full Stack Development,Alphanumeric Ideas Private Limited,Mohali,"₹ 2,000-6,000 /month",Mohali,https://internshala.com/internship/detail/full-stack-development-internship-in-mohali-at-alphanumeric-ideas-private-limited1735185742
Python Development,APSV TECHNOLOGIES,Work from home,"₹ 1,000 /month",Work from home,https://internshala.com/internship/detail/work-from-home-part-time-python-development-internship-at-apsv-technologies1735217720
Java Development,APSV TECHNOLOGIES,Work from home,"₹ 1,000 /month",Work from home,https://internshala.com/internship/detail/work-from-home-part-time-java-development-internship-at-apsv-technologies1735217699
ReactJS Development,OmniSoft Consulting,Dehradun,"₹ 3,500 /month",Dehradun,https://internshala.com/internship/detail/reactjs-development-internship-in-dehradun-at-omnisoft-consulting1735209453
Web Development,PushX Private Limited,"Delhi, Ghaziabad, Greater Noida, Noida","₹ 10,000 /month","Delhi, Ghaziabad, Greater Noida, Noida",https://internshala.com/internship/details/web-development-internship-in-multiple-locations-at-pushx-private-limited1735209282
Web Development,NCA IT NOIDA,Noida,"₹ 2,000 /month",Noida,https://internshala.com/internship/detail/web-development-internship-in-noida-at-nca-it-noida1735201279
UI/UX Design,WHISPERING CHEVRONS,Work from home,"₹ 1,000 /month",Work from home,https://internshala.com/internship/detail/work-from-home-ui-ux-design-internship-at-whispering-chevrons1735198945
Full Stack Development,Enpointe,Mumbai,"₹ 12,500-25,000 /month",Mumbai,https://internshala.com/internship/details/full-stack-development-internship-in-mumbai-at-enpointe1735197851
Web Development,NCA IT NOIDA,Noida,"₹ 2,000 /month",Noida,https://internshala.com/internship/detail/web-development-internship-in-noida-at-nca-it-noida1735194636
GroqCloud Engineer,Episodiclabs Private Limited (Teckniklab),Work from home,"₹ 2,000-3,000 /month",Work from home,https://internshala.com/internship/detail/work-from-home-groqcloud-engineer-internship-at-episodiclabs-private-limited-teckniklab1735188652
Full Stack Development,UXGear Design Lab,Navi Mumbai,"₹ 2,000 /month +  Incentives",Navi Mumbai(Hybrid),https://internshala.com/internship/detail/full-stack-development-internship-in-navi-mumbai-at-uxgear-design-lab1735188029
FPGA Developer (Intern),Vicharak Computers LLP,Surat,"₹ 15,000-20,000 /month",Surat,https://internshala.com/internship/details/fpga-developer-intern-internship-in-surat-at-vicharak-computers-llp1735188568
Python Developer,Maxgen Technologies Private Limited,Ahmedabad,"₹ 5,000-10,000 /month",Ahmedabad,https://internshala.com/internship/details/part-time-python-developer-internship-in-ahmedabad-at-maxgen-technologies-private-limited1735188319
Web Development,Technocrypt Private Limited,Work from home,"₹ 8,000 /month",Work from home,https://internshala.com/internship/details/work-from-home-web-development-internship-at-technocrypt-private-limited1735187276
Web Development,Innover Labs,Pune,"₹ 7,500 /month",Pune,https://internshala.com/internship/details/web-development-internship-in-pune-at-innover-labs1735186912
Kotlin Intern,"Raklyar Ent. (Haifa, Israel)",Work from home,"₹ 12,000 /month",Work from home,https://internshala.com/internship/details/work-from-home-kotlin-intern-internship-at-raklyar-ent1735186427
Backend Development,Coding Junior,Work from home,"₹ 10,000 /month",Work from home,https://internshala.com/internship/details/work-from-home-backend-development-internship-at-coding-junior1735184683
Full Stack Development,Prashant Kumar LTD,Work from home,"₹ 9,000 lump sum",Work from home,https://internshala.com/internship/details/work-from-home-part-time-full-stack-development-internship-at-prashant-kumar-ltd1735156488
Website And App Developer,Prashant Kumar LTD,Work from home,"₹ 9,000 lump sum",Work from home,https://internshala.com/internship/details/work-from-home-part-time-website-and-app-developer-internship-at-prashant-kumar-ltd1735156274
PHP Development,ESubhalekha.com,Work from home,"₹ 4,000 /month",Work from home,https://internshala.com/internship/details/work-from-home-part-time-php-development-internship-at-esubhalekhacom1735139993
Full Stack Development,APSV TECHNOLOGIES,Work from home,"₹ 1,000 /month",Work from home,https://internshala.com/internship/detail/work-from-home-part-time-full-stack-development-internship-at-apsv-technologies1735139899
WordPress Development,Digiquads,"Delhi, Ghaziabad, Gurgaon, Noida","₹ 10,000 /month","Delhi, Ghaziabad, Gurgaon, Noida",https://internshala.com/internship/details/wordpress-development-internship-in-multiple-locations-at-digiquads1735192266
Shopify Development,Bharat TexTech,Work from home,"₹ 1,000 /month",Work from home,https://internshala.com/internship/detail/work-from-home-part-time-shopify-development-internship-at-bharat-textech1735139684
Web Development,Ghodake Consultancy Services Private Limited,Work from home,"₹ 5,000 /month",Work from home,https://internshala.com/internship/details/work-from-home-part-time-web-development-internship-at-ghodake-consultancy-services-private-limited1735127196
WordPress Development,Prashant Kumar LTD,Work from home,"₹ 3,000 /month",Work from home,https://internshala.com/internship/details/work-from-home-part-time-wordpress-development-internship-at-prashant-kumar-ltd1735110312
PHP Development,MergeLine,Work from home,"₹ 5,000 /month",Work from home,https://internshala.com/internship/detail/work-from-home-php-development-internship-at-mergeline1735069761
Full Stack Development,Yardstick,Work from home,"₹ 5,000-15,000 /month",Work from home,https://internshala.com/internship/details/work-from-home-full-stack-development-internship-at-yardstick1735057155
UI/UX Design,Technogiq IT Solutions Private Limited,Indore,"₹ 2,000-4,000 /month",Indore,https://internshala.com/internship/detail/ui-ux-design-internship-in-indore-at-technogiq-it-solutions-private-limited1735046741
WordPress Development,Peoples Literature Publications OPC Private Limited,Mumbai,"₹ 3,000-6,000 /month",Mumbai(Hybrid),https://internshala.com/internship/detail/part-time-wordpress-development-internship-in-mumbai-at-peoples-literature-publications-opc-private-limited1735036593
UI/UX Design,Festivefeel,Work from home,"₹ 2,500 /week",Work from home,https://internshala.com/internship/detail/work-from-home-ui-ux-design-internship-at-festivefeel1735032456
Backend Development,Paisso Technology Private Limited,"Chandigarh, Mohali","₹ 15,000 /month","Chandigarh, Mohali",https://internshala.com/internship/details/backend-development-internship-in-multiple-locations-at-paisso-technology-private-limited1735021269
Backend Development,Wrexa Technologies LLC,Chennai,"₹ 7,500-12,000 /month",Chennai(Hybrid),https://internshala.com/internship/detail/part-time-backend-development-internship-in-chennai-at-wrexa-technologies-llc1735190212
Web Development,Web3Task,Noida,"₹ 4,000 /month",Noida(Hybrid),https://internshala.com/internship/detail/web-development-internship-in-noida-at-web3task1735018303
Next.js Developer,Ayurveda House Private Limited,Delhi,"₹ 15,000-20,000 /month",Delhi,https://internshala.com/internship/details/nextjs-developer-internship-in-delhi-at-ayurveda-house-private-limited1734969103
Wordpress Website Making Using Elementor Page Builder,Avanzar Health,Work from home,"₹ 7,500 /month",Work from home,https://internshala.com/internship/details/work-from-home-part-time-wordpress-website-making-using-elementor-page-builder-internship-at-avanzar-health1735191791
Blockchain Development,"JMedia Corporation (Dallas, United States)",Work from home,"₹ 2,500 /month",Work from home,https://internshala.com/internship/detail/work-from-home-part-time-blockchain-development-internship-at-jmedia-corporation1735188386
Web Development,IProall,Work from home,"₹ 4,000 /month +  Incentives",Work from home,https://internshala.com/internship/detail/work-from-home-part-time-web-development-internship-at-iproall1735221298
Flutter Development,UTERX HEALTHCARE PRIVATE LIMITED,Work from home,"₹ 1,000 /month +  Incentives",Work from home,https://internshala.com/internship/detail/work-from-home-part-time-flutter-development-internship-at-uterx-healthcare-private-limited1735215023
Front End Development,APSV TECHNOLOGIES,Work from home,"₹ 1,000 /month",Work from home,https://internshala.com/internship/detail/work-from-home-part-time-front-end-development-internship-at-apsv-technologies1735217731
WordPress Development,Lasso,Work from home,"₹ 18,000 /month",Work from home,https://internshala.com/internship/details/work-from-home-part-time-wordpress-development-internship-at-lasso1734965190
UI/UX Design,LiftU.tech,Work from home,"₹ 10,000 /month",Work from home,https://internshala.com/internship/details/work-from-home-ui-ux-design-internship-at-liftutech1734941190
Frontend Developer - Angular (2+ Or Modern),SaaSBanana Technologies,Noida,"₹ 10,000 /month",Noida,https://internshala.com/internship/details/frontend-developer-angular-2-or-modern-internship-in-noida-at-saasbanana-technologies1734938876
Quantitative Alpha Researcher,Quantium Trading,Work from home,"₹ 20,000-30,000 /month",Work from home,https://internshala.com/internship/details/work-from-home-part-time-quantitative-alpha-researcher-internship-at-quantium-trading1734938612
Web Development,Quantta Analytics,Kolkata,"₹ 10,000 /month",Kolkata,https://internshala.com/internship/details/web-development-internship-in-kolkata-at-quantta-analytics1734938412
Flutter Development,Monkhub,Gurgaon,"₹ 8,000-10,000 /month",Gurgaon,https://internshala.com/internship/details/flutter-development-internship-in-gurgaon-at-monkhub1734934834
Web Development,Pro India,Gurgaon,"₹ 8,000 /month",Gurgaon(Hybrid),https://internshala.com/internship/details/web-development-internship-in-gurgaon-at-pro-india1734934156
Web Development,Chandrima Datta,Kolkata,"₹ 8,000 /month",Kolkata,https://internshala.com/internship/details/web-development-internship-in-kolkata-at-chandrima-datta1734933053
WordPress Development,Digital Word Of Mouth (WoM),Work from home,"₹ 1,000 /month +  Incentives",Work from home,https://internshala.com/internship/detail/work-from-home-wordpress-development-internship-at-digital-word-of-mouth-wom1734932209
Web Development,Eduminatti,Work from home,"₹ 12,000 /month",Work from home,https://internshala.com/internship/details/work-from-home-part-time-web-development-internship-at-eduminatti1734931984
Full Stack Development,Highway Delite,Work from home,"₹ 20,000-25,000 /month",Work from home,https://internshala.com/internship/details/work-from-home-full-stack-development-internship-at-highway-delite1734959049
Web Development,Maxgen Technologies Private Limited,Ahmedabad,"₹ 5,000-10,000 /month",Ahmedabad,https://internshala.com/internship/details/part-time-web-development-internship-in-ahmedabad-at-maxgen-technologies-private-limited1734930009
Java Developer,Maxgen Technologies Private Limited,Pune,"₹ 5,000-10,000 /month",Pune,https://internshala.com/internship/details/part-time-java-developer-internship-in-pune-at-maxgen-technologies-private-limited1734929769
Web Development,Maxgen Technologies Private Limited,Pune,"₹ 5,000-10,000 /month",Pune,https://internshala.com/internship/details/part-time-web-development-internship-in-pune-at-maxgen-technologies-private-limited1734929739
Backend Development,Abundant Life And Spaces Private Limited,Chennai,"₹ 8,500 /month +  Incentives",Chennai,https://internshala.com/internship/details/backend-development-internship-in-chennai-at-abundant-life-and-spaces-private-limited1734928314
Front End Development,Abundant Life And Spaces Private Limited,Chennai,"₹ 8,000 /month +  Incentives",Chennai,https://internshala.com/internship/details/front-end-development-internship-in-chennai-at-abundant-life-and-spaces-private-limited1734928209
Web Development,T Cube The Think Tank,Chennai,"₹ 2,000-6,000 /month",Chennai,https://internshala.com/internship/details/web-development-internship-in-chennai-at-t-cube-the-think-tank1734873856
Full Stack Development,Digital Guruji,Delhi,"₹ 10,000 /month",Delhi,https://internshala.com/internship/details/part-time-full-stack-development-internship-in-delhi-at-digital-guruji1734843364
Full Stack Development,InternBit,Work from home,"₹ 15,000-25,000 /month",Work from home,https://internshala.com/internship/details/work-from-home-full-stack-development-internship-at-internbit1734841563
Blockchain Development,Primetrade.ai,Work from home,"₹ 15,000 /month",Work from home,https://internshala.com/internship/details/work-from-home-part-time-blockchain-development-internship-at-primetradeai1734802164
Web Development,InnoBrain Technologies,"Anand, Vallabh Vidhyanagar","₹ 2,000-2,500 /month","Anand, Vallabh Vidhyanagar(Hybrid)",https://internshala.com/internship/detail/part-time-web-development-internship-in-multiple-locations-at-innobrain-technologies1734951564
Data Science,Primetrade.ai,"Chennai, Hyderabad, Andhra Pradesh","₹ 15,000 /month","Chennai, Hyderabad, Andhra Pradesh(Hybrid)",https://internshala.com/internship/details/python-development-internship-in-multiple-locations-at-primetradeai1734801962
Node.js Development,Amrutam Pharmaceuticals,Work from home,"₹ 7,000 /month",Work from home,https://internshala.com/internship/details/work-from-home-nodejs-development-internship-at-amrutam-pharmaceuticals1734801104
Full Stack Development,UnifyXperts,Mumbai,"₹ 15,000 /month",Mumbai,https://internshala.com/internship/details/full-stack-development-internship-in-mumbai-at-unifyxperts1734785655
Full Stack Development,The Learn Cloud,Work from home,"₹ 6,000 /month +  Incentives",Work from home,https://internshala.com/internship/details/work-from-home-part-time-full-stack-development-internship-at-the-learn-cloud1734785593
Flutter Development,Coding Junior,Work from home,"₹ 10,000 /month",Work from home,https://internshala.com/internship/details/work-from-home-flutter-development-internship-at-coding-junior1734781487
Backend Developer - Laravel,RSVR Technlogies Private Limited,Work from home,"₹ 20,000 /month",Work from home,https://internshala.com/internship/details/work-from-home-backend-developer-laravel-internship-at-rsvr-technlogies-private-limited1734775056
ReactJS Development,RSVR Technlogies Private Limited,Work from home,"₹ 20,000 /month",Work from home,https://internshala.com/internship/details/work-from-home-reactjs-development-internship-at-rsvr-technlogies-private-limited1734773657
UX/UI Design,FynTune Solution Private Limited,"Thane, Navi Mumbai","₹ 12,000-18,000 /month","Thane, Navi Mumbai",https://internshala.com/internship/details/ux-ui-design-internship-in-multiple-locations-at-fyntune-solution-private-limited1734772992
Video Content Creation (Teaching Python),ProgrammingKnowledge,Work from home,"₹ 1,000 /month +  Incentives",Work from home,https://internshala.com/internship/detail/work-from-home-part-time-video-content-creation-teaching-python-internship-at-programmingknowledge1734768342
UI/UX Design,MentorBoxx,Work from home,"₹ 17,000-25,000 /month",Work from home,https://internshala.com/internship/details/work-from-home-ui-ux-design-internship-at-mentorboxx1734763137
PHP Development,Techqueto LLP,Work from home,"₹ 2,000 /month",Work from home,https://internshala.com/internship/detail/work-from-home-php-development-internship-at-techqueto-llp1734956338
MS PowerAutomate Expert,Nowi Idea Private Limited,Gurgaon,"₹ 12,500-17,500 /month",Gurgaon,https://internshala.com/internship/details/ms-powerautomate-expert-internship-in-gurgaon-at-nowi-idea-private-limited1734753617
Python,Maxgen Technologies Private Limited,Pune,"₹ 5,000-10,000 /month",Pune,https://internshala.com/internship/details/part-time-python-internship-in-pune-at-maxgen-technologies-private-limited1734753346
UI/UX Design,Workik,Work from home,"₹ 12,500 /month",Work from home,https://internshala.com/internship/details/work-from-home-ui-ux-design-internship-at-workik1734956118
Full Stack Development,Fincon,"Chandigarh, Mohali, Sahibzada Ajit Singh Nagar, Punjab","₹ 15,000 /month","Chandigarh, Mohali, Sahibzada Ajit Singh Nagar, Punjab",https://internshala.com/internship/details/full-stack-development-internship-in-multiple-locations-at-fincon1734954464
Node.JS Developer,Helios Tech,"Chandigarh, Mohali, Sahibzada Ajit Singh Nagar, Punjab","₹ 15,000 /month","Chandigarh, Mohali, Sahibzada Ajit Singh Nagar, Punjab",https://internshala.com/internship/details/nodejs-developer-internship-in-multiple-locations-at-helios-tech1734954314
Web Development,ABES C-COM LLP,Work from home,"₹ 15,000-25,000 /month",Work from home,https://internshala.com/internship/details/work-from-home-web-development-internship-at-abes-c-com-llp1734949961
WordPress Development,Hodophile Travels Private Limited,Delhi,"₹ 8,000 /month",Delhi,https://internshala.com/internship/details/wordpress-development-internship-in-delhi-at-hodophile-travels-private-limited1734944082
Flutter Development,Testline,Work from home,"₹ 10,000-30,000 /month",Work from home,https://internshala.com/internship/details/work-from-home-flutter-development-internship-at-testline1734710246
Full Stack Development,Berlinhomefinder,Work from home,"₹ 8,000 /month +  Incentives",Work from home,https://internshala.com/internship/details/work-from-home-full-stack-development-internship-at-berlinhomefinder1734688699
UI/UX Design,Attribution Private Limited,Work from home,"₹ 10,000 /month",Work from home,https://internshala.com/internship/details/work-from-home-ui-ux-design-internship-at-attribution-private-limited1734688663
UI/UX Design,Kotak Mahindra Bank,Work from home,"₹ 20,000 /month",Work from home,https://internshala.com/internship/details/work-from-home-ui-ux-design-internship-at-kotak-mahindra-bank1734686512
UX Engineering,Kotak Mahindra Bank Limited,Work from home,"₹ 25,000 /month",Work from home,https://internshala.com/internship/details/work-from-home-ux-engineering-internship-at-kotak-mahindra-bank-limited1734686426
Web Development,Gharpayy,Ahmedabad,"₹ 10,000 /month",Ahmedabad(Hybrid),https://internshala.com/internship/details/web-development-internship-in-ahmedabad-at-gharpayy1734685488
Front End Development,Hitech Design,Bangalore,"₹ 4,000 /month +  Incentives",Bangalore,https://internshala.com/internship/detail/front-end-development-internship-in-bangalore-at-hitech-design1734680736
UX/UI Design,Amrutam Pharmaceuticals,Work from home,"₹ 7,000 /month",Work from home,https://internshala.com/internship/details/work-from-home-ux-ui-design-internship-at-amrutam-pharmaceuticals1734676864
Web Development,Break The Code,Mumbai,"₹ 5,000 /month",Mumbai,https://internshala.com/internship/detail/web-development-internship-in-mumbai-at-break-the-code1734675661
DevOps,InstantPost,"Lucknow, Bangalore","₹ 2,000-15,000 /month","Lucknow, Bangalore(Hybrid)",https://internshala.com/internship/details/devops-internship-in-multiple-locations-at-instantpost1734675223
Ruby On Rails Development,Testline,Work from home,"₹ 10,000-30,000 /month",Work from home,https://internshala.com/internship/details/work-from-home-ruby-on-rails-development-internship-at-testline1734709018
WordPress Development,InstantPost,"Lucknow, Bangalore","₹ 2,000-15,000 /month","Lucknow, Bangalore(Hybrid)",https://internshala.com/internship/details/wordpress-development-internship-in-multiple-locations-at-instantpost1734675012
Java Development,Rchilli Incorporation,"Amritsar, Chandigarh, Patiala, Mohali, Zirakpur, Panchkula, Punjab, Himachal Pradesh","₹ 15,000 /month","Amritsar, Chandigarh, Patiala, Mohali, Zirakpur, Panchkula, Punjab, Himachal Pradesh",https://internshala.com/internship/details/java-development-internship-in-multiple-locations-at-rchilli-incorporation1734672947
UX/UI Design,Lunacal,Work from home,"₹ 10,000-15,000 /month",Work from home,https://internshala.com/internship/details/work-from-home-part-time-ux-ui-design-internship-at-lunacal1734671670
Moodle Developer,Megaminds IT Services,"Warangal, Hyderabad","₹ 2,000 /week +  Incentives","Warangal, Hyderabad(Hybrid)",https://internshala.com/internship/details/moodle-developer-internship-in-multiple-locations-at-megaminds-it-services1734670568
Electronics Engineering,InstantPost,"Lucknow, Bangalore","₹ 2,000-15,000 /month","Lucknow, Bangalore(Hybrid)",https://internshala.com/internship/details/kicad-pcb-designing-internship-in-multiple-locations-at-instantpost1734668817
Artificial Intelligence (AI),FoodNEST(S) Technologies Private Limited,Lucknow,"₹ 4,000-8,000 /month",Lucknow,https://internshala.com/internship/details/artificial-intelligence-ai-internship-in-lucknow-at-foodnests-technologies-private-limited1734614592
Web Development,DeepThought Edutech Ventures Private Limited,Work from home,"₹ 2,000 /month",Work from home,https://internshala.com/internship/detail/work-from-home-part-time-web-development-internship-at-deepthought-edutech-ventures-private-limited1734605650
Front End Development,ABEX Excellence Private Limited,Chennai,"₹ 10,000 /month",Chennai,https://internshala.com/internship/details/front-end-development-internship-in-chennai-at-abex-excellence-private-limited1734605181
Java Developer,Maxgen Technologies Private Limited,Ahmedabad,"₹ 5,000-10,000 /month",Ahmedabad,https://internshala.com/internship/details/part-time-java-developer-internship-in-ahmedabad-at-maxgen-technologies-private-limited1734604487
PHP Development,Ramsun Enterprise Payments Network Private Limited,Delhi,"₹ 9,000 /month",Delhi,https://internshala.com/internship/details/php-development-internship-in-delhi-at-ramsun-enterprise-payments-network-private-limited1734604134
Wix Web Developer,AceWorx Synergistic Agribusiness Networks Private Limited,Noida,"₹ 15,000 /month",Noida,https://internshala.com/internship/details/wix-web-developer-internship-in-noida-at-aceworx-synergistic-agribusiness-networks-private-limited1734697034
Web Development,Talent Corner HR Services,Mumbai,"₹ 5,000 /month",Mumbai(Hybrid),https://internshala.com/internship/detail/part-time-web-development-internship-in-mumbai-at-talent-corner-hr-services1734601932
Angular.js Development,Monkhub,Work from home,"₹ 5,000-10,000 /month",Work from home,https://internshala.com/internship/details/work-from-home-angularjs-development-internship-at-monkhub1734598998
MERN Stack Web Developer,Requin Solutions Private Limited,Jaipur,"₹ 10,000 /month",Jaipur,https://internshala.com/internship/details/mern-stack-web-developer-internship-in-jaipur-at-requin-solutions-private-limited1734596968
UI/UX Design,Samyak Jain,Work from home,"₹ 2,500-5,000 /month",Work from home,https://internshala.com/internship/detail/work-from-home-ui-ux-design-internship-at-samyak-jain1734595672
React.js And Flutter,Utkarsh Soni,Bhopal,"₹ 6,000 /month",Bhopal,https://internshala.com/internship/detail/reactjs-and-flutter-internship-in-bhopal-at-utkarsh-soni1734595361
Full Stack Development,Finflock Systems Private Limited,Work from home,"₹ 12,000 /month +  Incentives",Work from home,https://internshala.com/internship/details/work-from-home-full-stack-development-internship-at-finflock-systems-private-limited1734594873
UI/UX Designer & Developer,AdTask.ai,Work from home,"₹ 10,000-15,000 /month",Work from home,https://internshala.com/internship/details/work-from-home-ui-ux-designer-developer-internship-at-adtaskai1734589924
Progressive Web Apps (PWA) Development,InstantPost,Work from home,"₹ 2,000-15,000 /month",Work from home,https://internshala.com/internship/details/work-from-home-progressive-web-apps-pwa-development-internship-at-instantpost1734584569
Python Development,Codezlabs,Work from home,"₹ 3,000 /month +  Incentives",Work from home,https://internshala.com/internship/details/work-from-home-python-development-internship-at-codezlabs1734584365
Python Developer,Maxgen Technologies Private Limited,Pune,"₹ 5,000-10,000 /month",Pune,https://internshala.com/internship/details/part-time-python-developer-internship-in-pune-at-maxgen-technologies-private-limited1734583554
UI/UX Design,AceWorx Synergistic Agribusiness Networks Private Limited,Noida,"₹ 10,000 /month +  Incentives",Noida,https://internshala.com/internship/details/ui-ux-design-internship-in-noida-at-aceworx-synergistic-agribusiness-networks-private-limited1734696533
Python Development,SaaSBanana Technologies,Noida,"₹ 10,000 /month",Noida,https://internshala.com/internship/details/python-development-internship-in-noida-at-saasbanana-technologies1734583454
UI/UX Design,Digital Word Of Mouth (WoM),Work from home,"₹ 1,000 /month +  Incentives",Work from home,https://internshala.com/internship/detail/work-from-home-ui-ux-design-internship-at-digital-word-of-mouth-wom1734581617
UI/UX Design,AppOctet Technologies Private Limited,Mumbai,"₹ 7,000 /month",Mumbai,https://internshala.com/internship/details/ui-ux-design-internship-in-mumbai-at-appoctet-technologies-private-limited1734696163
Full Stack Development,Idea Usher,Work from home,"₹ 8,000-15,000 /month",Work from home,https://internshala.com/internship/details/work-from-home-full-stack-development-internship-at-idea-usher1734695226
Flutter Development,Papaya Coders,Lucknow,"₹ 5,000 /month",Lucknow,https://internshala.com/internship/detail/flutter-development-internship-in-lucknow-at-papaya-coders1734687261
Full Stack Development,Planys Technologies Private Limited,Chennai,"₹ 12,500 /month",Chennai,https://internshala.com/internship/details/full-stack-development-internship-in-chennai-at-planys-technologies-private-limited1734692906
Full Stack Development,STIR,Work from home,"₹ 30,000 /month",Work from home,https://internshala.com/internship/details/work-from-home-full-stack-development-internship-at-stir1734692155
Python Development,ABEX Excellence Private Limited,Chennai,"₹ 10,000 /month",Chennai,https://internshala.com/internship/details/python-development-internship-in-chennai-at-abex-excellence-private-limited1734536037
Software Development (Gen AI),"Everyday Series (London, United Kingdom)",Work from home,"₹ 3,000 /month",Work from home,https://internshala.com/internship/detail/work-from-home-part-time-software-development-gen-ai-internship-at-everyday-series1734515670
Tech Consultant (Wix Website),Zappy Tots,Work from home,"₹ 5,000-10,000 /month",Work from home,https://internshala.com/internship/details/work-from-home-tech-consultant-wix-website-internship-at-zappy-tots1734510905
WordPress Development,Solvitude,Work from home,"₹ 1,000-3,000 /month",Work from home,https://internshala.com/internship/detail/work-from-home-part-time-wordpress-development-internship-at-solvitude1734509306
Python Developer,Maxgen Technologies Private Limited,Pune,"₹ 5,000-10,000 /month",Pune,https://internshala.com/internship/details/part-time-python-developer-internship-in-pune-at-maxgen-technologies-private-limited1734508727
ReactJS Development,Ionic Wealth,Work from home,"₹ 50,000 /month",Work from home,https://internshala.com/internship/details/work-from-home-reactjs-development-internship-at-ionic-wealth1734507949
React.js,Biztel.ai,Bangalore,"₹ 10,000 /month",Bangalore(Hybrid),https://internshala.com/internship/details/reactjs-internship-in-bangalore-at-pugazhenthy-n1734505565
PHP Development,Tron Softech,Work from home,"₹ 1,000 /month +  Incentives",Work from home,https://internshala.com/internship/detail/work-from-home-php-development-internship-at-tron-softech1734505401
Java Development,Tron Softech,Work from home,"₹ 1,000 /month +  Incentives",Work from home,https://internshala.com/internship/detail/work-from-home-java-development-internship-at-tron-softech1734505355
UI/UX Graphic Designer,Wrexa Technologies LLC,Work from home,"₹ 10,000 /month",Work from home,https://internshala.com/internship/details/work-from-home-ui-ux-graphic-designer-internship-at-wrexa-technologies-llc1734501748
JavaScript Development,ABEX Excellence Private Limited,Chennai,"₹ 10,000 /month",Chennai,https://internshala.com/internship/details/javascript-development-internship-in-chennai-at-abex-excellence-private-limited1734535961
PHP Development,Techasoft Private Limited,"Bangalore, Mohali","₹ 10,000-15,000 /month","Bangalore, Mohali(Hybrid)",https://internshala.com/internship/details/php-development-internship-in-multiple-locations-at-techasoft-private-limited1734501679
Flutter Development,HSDK Technologies Private Limited,Jaipur,"₹ 15,000 /month",Jaipur(Hybrid),https://internshala.com/internship/details/flutter-development-internship-in-jaipur-at-hsdk-technologies-private-limited1734501337
Node.js Development,HSDK Technologies Private Limited,Jaipur,"₹ 15,000 /month",Jaipur(Hybrid),https://internshala.com/internship/details/nodejs-development-internship-in-jaipur-at-hsdk-technologies-private-limited1734500747
UI/UX Design,HSDK Technologies Private Limited,Work from home,"₹ 6,000 /month",Work from home,https://internshala.com/internship/details/work-from-home-ui-ux-design-internship-at-hsdk-technologies-private-limited1734499975
Node.js Development,Techasoft Private Limited,"Bangalore, Mohali","₹ 10,000-15,000 /month","Bangalore, Mohali(Hybrid)",https://internshala.com/internship/details/nodejs-development-internship-in-multiple-locations-at-techasoft-private-limited1734499164
ReactJS Development,Techasoft Private Limited,"Bangalore, Mohali","₹ 10,000-15,000 /month","Bangalore, Mohali(Hybrid)",https://internshala.com/internship/details/reactjs-development-internship-in-multiple-locations-at-techasoft-private-limited1734499144
UI/UX Design,Techasoft Private Limited,"Bangalore, Mohali","₹ 10,000-15,000 /month","Bangalore, Mohali(Hybrid)",https://internshala.com/internship/details/ui-ux-design-internship-in-multiple-locations-at-techasoft-private-limited1734499107
Full Stack Development,Gharpayy,Work from home,"₹ 4,000 lump sum",Work from home,https://internshala.com/internship/detail/work-from-home-full-stack-development-internship-at-gharpayy1734498017
Front End Development,Gharpayy,Work from home,"₹ 3,000 /month",Work from home,https://internshala.com/internship/detail/work-from-home-front-end-development-internship-at-gharpayy1734497095
UI UX Designer,Indiaum Solutions,Work from home,"₹ 3,000 /month",Work from home,https://internshala.com/internship/detail/work-from-home-ui-ux-designer-internship-at-indiaum-solutions1734496676
React JS,Maxgen Technologies Private Limited,Ahmedabad,"₹ 4,000-10,000 /month",Ahmedabad,https://internshala.com/internship/details/part-time-react-js-internship-in-ahmedabad-at-maxgen-technologies-private-limited1734496599
WordPress Development,Expert English Academy,Work from home,"₹ 1,000 /month",Work from home,https://internshala.com/internship/detail/work-from-home-part-time-wordpress-development-internship-at-expert-english-academy1734483614
Front End Development,Lazy Idli Private Limited,Bangalore,"₹ 16,000 /month",Bangalore,https://internshala.com/internship/details/front-end-development-internship-in-bangalore-at-lazy-idli-private-limited1734432054
UI/UX Designer,Techdome Solutions Private Limited,"Indore, Hyderabad","₹ 6,000-10,000 /month","Indore, Hyderabad",https://internshala.com/internship/details/ui-ux-designer-internship-in-multiple-locations-at-techdome-solutions-private-limited1734430004
Flutter Development,NextEdge Labs,Work from home,"₹ 5,000 /month",Work from home,https://internshala.com/internship/detail/work-from-home-flutter-development-internship-at-nextedge-labs1734429798
UI/UX Design,Protocloud Technologies Private Limited,Jaipur,"₹ 5,000 /month",Jaipur,https://internshala.com/internship/detail/ui-ux-design-internship-in-jaipur-at-protocloud-technologies-private-limited1734421154
React JS Developer,Maxgen Technologies Private Limited,Ahmedabad,"₹ 5,000-10,000 /month",Ahmedabad,https://internshala.com/internship/details/part-time-react-js-developer-internship-in-ahmedabad-at-maxgen-technologies-private-limited1734427001
Node.js Development,Idea Usher,Work from home,"₹ 10,000-15,000 /month",Work from home,https://internshala.com/internship/details/work-from-home-nodejs-development-internship-at-idea-usher1734422438
Design,FourTrax Lifestyles Pvt. Ltd.,Work from home,"₹ 2,000 /month +  Incentives",Work from home,https://internshala.com/internship/details/work-from-home-design-internship-at-fourtrax-lifestyles-pvt-ltd1734420936
Flutter Development,Daccess Security Systems Private Limited,Pune,"₹ 8,000 /month +  Incentives",Pune,https://internshala.com/internship/details/flutter-development-internship-in-pune-at-daccess-security-systems-private-limited1734522959
Backend (MERN) Developer,Isourse,Delhi,"₹ 25,000 /month",Delhi,https://internshala.com/internship/details/backend-mern-developer-internship-in-delhi-at-isourse1734420607
Front End Development,FourTrax Lifestyles Pvt. Ltd.,Work from home,"₹ 2,000 /month +  Incentives",Work from home,https://internshala.com/internship/details/work-from-home-part-time-front-end-development-internship-at-fourtrax-lifestyles-pvt-ltd1734420344
ReactJS Development,Pi,Mumbai,"₹ 8,000-12,000 /month",Mumbai,https://internshala.com/internship/details/reactjs-development-internship-in-mumbai-at-pi1734518918
Google AppSheet Application Development,ATOZ LOGISTICS LIMITED,"Delhi, Noida, Haryana","₹ 5,000-10,000 /month","Delhi, Noida, Haryana(Hybrid)",https://internshala.com/internship/details/part-time-google-appsheet-application-development-internship-in-multiple-locations-at-atoz-logistics-limited1734516969
IT Consultant,Centricity Financial Distribution Private Limited,Gurgaon,"₹ 5,000-10,000 /month",Gurgaon,https://internshala.com/internship/details/it-consultant-internship-in-gurgaon-at-centricity-financial-distribution-private-limited1734516821
JavaScript Development,Codezlabs,Work from home,"₹ 3,000 /month +  Incentives",Work from home,https://internshala.com/internship/details/work-from-home-javascript-development-internship-at-codezlabs1734516045
ReactJS Development,Augrade Private Limited,Work from home,"₹ 10,000-25,000 /month",Work from home,https://internshala.com/internship/details/work-from-home-part-time-reactjs-development-internship-at-augrade-private-limited1734515904
